"chrom_peak_id","sample","rtmin","rtmax","into","target_ChEBI.name","target_ChEBI","target_InChIKey","target_formula","target_M","adduct","mixture","ms1_adduct_count","ms1_adduct_05_count","isopeak_count","isopeak_sim","ms2_count","ms2_matched_count","ms2_true_count","RTI","rt_regions","rtmed","mzmed","number_of_peaks"
"CP011925|CP011940|CP104030|CP104373",1,37.2881004503456,50.5820856370299,57697.9388054675,"5-hydroxy-L-tryptophan","CHEBI:17780","LDCYZAJDBXYCGN-VIFPVBQESA-N","C11H12N2O3",220.084792244,"[M+Na]+|[M+H]+|[M+CHO2]-|[M-H]-","1.1",31,14,12,0.922332513304658,19,2,2,"323.000918439268|319.474659530373|299.994224080944|294.659526447576",1,41.1439002726264,237.081072445153,4
"CP012731",1,377.031767511875,381.222380884447,591.049749403979,"5-hydroxy-L-tryptophan","CHEBI:17780","LDCYZAJDBXYCGN-VIFPVBQESA-N","C11H12N2O3",220.084792244,"[M+Na]+","1.1",2,0,0,0,0,0,0,"1123.62561714385",2,379.083967035343,243.085399264159,1
"CP013018",1,447.059354401636,451.651122959072,1282.21284273589,"5-hydroxy-L-tryptophan","CHEBI:17780","LDCYZAJDBXYCGN-VIFPVBQESA-N","C11H12N2O3",220.084792244,"[M+H]+","1.1",3,0,0,0,1,0,0,"1410.17022118833",3,449.095875488567,221.116748068809,1
"CP013103",1,471.006111911679,477.953473570324,1297.98044279769,"5-hydroxy-L-tryptophan","CHEBI:17780","LDCYZAJDBXYCGN-VIFPVBQESA-N","C11H12N2O3",220.084792244,"[M+H]+","1.1",0,0,0,0,1,0,0,"1513.07389097129",4,474.560980626314,221.116645907476,1
